eid,date,watchtype,howlong
e129,2010/01/01,a documentary,7
e159,2010/01/09,a documentary,27
e162,2010/01/10,news,16
e169,2010/01/12,a movie,11
e174,2010/01/13,a movie,49
e184,2010/01/17,news,47
e205,2010/01/22,a tv series,17
e215,2010/01/25,a documentary,43
e216,2010/01/26,news,10
e227,2010/01/29,news,21
e231,2010/01/30,a documentary,11
e235,2010/01/31,a tv series,37
e246,2010/02/03,a movie,27
e251,2010/02/04,a tv series,20
e256,2010/02/05,news,23
e265,2010/02/07,a tv series,17
e274,2010/02/09,a movie,36
e281,2010/02/11,news,13
e286,2010/02/13,news,48
e293,2010/02/15,news,30
e299,2010/02/16,a documentary,51
e315,2010/02/21,a tv series,6
e320,2010/02/22,news,19
e330,2010/02/25,a movie,7
e333,2010/02/26,news,27
e337,2010/02/27,a documentary,32
e342,2010/02/28,a documentary,52
e347,2010/03/01,a movie,39
e349,2010/03/02,a documentary,16
e353,2010/03/03,a movie,18
e378,2010/03/09,a movie,50
e384,2010/03/10,a tv series,42
e392,2010/03/11,a documentary,50
e397,2010/03/12,a movie,32
e399,2010/03/13,a documentary,9
e408,2010/03/15,a tv series,33
e412,2010/03/17,a movie,7
e419,2010/03/19,a movie,10
e424,2010/03/20,a movie,50
e440,2010/03/23,a tv series,52
e446,2010/03/24,a tv series,12
e455,2010/03/26,a movie,36
e465,2010/03/28,a movie,12
e476,2010/03/30,a documentary,51
e480,2010/03/31,a documentary,47
e490,2010/04/03,news,46
e496,2010/04/04,a documentary,6
e502,2010/04/06,a documentary,36
e506,2010/04/07,news,32
e511,2010/04/08,a documentary,20
e518,2010/04/10,a documentary,41
e522,2010/04/11,a tv series,29
e527,2010/04/12,a documentary,51
e531,2010/04/13,a documentary,47
e536,2010/04/14,a documentary,30
e548,2010/04/17,a documentary,13
e555,2010/04/18,a tv series,10
e563,2010/04/20,a tv series,40
e571,2010/04/22,a documentary,14
e574,2010/04/23,a documentary,55
e580,2010/04/25,a movie,42
e596,2010/04/29,news,30
e599,2010/04/30,a documentary,33
e602,2010/05/01,a movie,53
e607,2010/05/03,a tv series,43
e617,2010/05/06,a movie,25
e621,2010/05/07,a documentary,39
e631,2010/05/10,news,37
e658,2010/05/17,news,25
e674,2010/05/22,news,26
e679,2010/05/23,news,25
e689,2010/05/25,a tv series,5
e690,2010/05/26,a documentary,20
e693,2010/05/27,a tv series,36
e696,2010/05/28,a tv series,33
e699,2010/05/29,news,22
e704,2010/05/30,a movie,50
e710,2010/06/02,news,50
e725,2010/06/06,a tv series,27
e728,2010/06/07,a movie,18
e733,2010/06/08,a movie,11
e739,2010/06/09,a documentary,20
e745,2010/06/11,a documentary,39
e749,2010/06/12,news,30
e753,2010/06/13,a movie,50
e760,2010/06/15,news,6
e779,2010/06/20,a movie,42
e783,2010/06/21,a tv series,16
e797,2010/06/25,a movie,7
e810,2010/06/28,news,8
e825,2010/07/04,a tv series,53
e830,2010/07/05,news,32
e840,2010/07/08,a movie,5
e844,2010/07/09,a movie,15
e848,2010/07/10,news,10
e855,2010/07/12,news,50
e857,2010/07/13,news,15
e862,2010/07/14,a tv series,45
e867,2010/07/15,news,26
e873,2010/07/16,a documentary,45
e884,2010/07/19,a tv series,14
e889,2010/07/20,a documentary,19
e895,2010/07/23,a documentary,44
e898,2010/07/24,a tv series,51
e902,2010/07/25,a tv series,37
e914,2010/07/28,a documentary,41
e921,2010/07/29,a documentary,25
e938,2010/08/02,a documentary,50
e944,2010/08/03,a documentary,23
e962,2010/08/07,a documentary,13
e967,2010/08/08,a documentary,53
e971,2010/08/09,news,24
e981,2010/08/12,news,49
e985,2010/08/14,news,6
e997,2010/08/18,news,52
e1002,2010/08/20,news,27
e1026,2010/08/27,news,16
e1046,2010/09/02,a documentary,40
e1051,2010/09/03,a documentary,11
e1056,2010/09/04,a tv series,14
e1061,2010/09/05,a movie,45
e1065,2010/09/06,news,55
e1072,2010/09/08,a tv series,20
e1077,2010/09/09,news,41
e1082,2010/09/10,a documentary,28
e1093,2010/09/12,news,22
e1100,2010/09/14,a documentary,42
e1104,2010/09/15,a tv series,26
e1110,2010/09/16,a documentary,8
e1117,2010/09/18,a movie,13
e1123,2010/09/19,news,28
e1128,2010/09/21,a tv series,20
e1133,2010/09/22,news,13
e1143,2010/09/25,news,41
e1156,2010/09/28,a movie,52
e1164,2010/09/30,news,34
e1166,2010/10/01,news,52
e1170,2010/10/02,a movie,6
e1178,2010/10/04,a tv series,23
e1184,2010/10/06,a movie,20
e1204,2010/10/13,a movie,28
e1208,2010/10/14,a movie,20
e1220,2010/10/17,a tv series,21
e1230,2010/10/20,a tv series,26
e1234,2010/10/21,a movie,41
e1244,2010/10/23,a movie,41
e1247,2010/10/24,a movie,31
e1252,2010/10/26,a tv series,33
e1262,2010/10/29,a movie,25
e1271,2010/10/31,a tv series,47
e1277,2010/11/01,a movie,31
e1280,2010/11/02,a tv series,23
e1285,2010/11/03,a tv series,7
e1300,2010/11/06,news,10
e1315,2010/11/11,a documentary,30
e1320,2010/11/12,a tv series,6
e1328,2010/11/15,a documentary,45
e1339,2010/11/18,a tv series,14
e1343,2010/11/19,a movie,35
e1353,2010/11/21,a movie,14
e1364,2010/11/23,news,12
e1368,2010/11/25,a documentary,33
e1374,2010/11/26,news,37
e1378,2010/11/27,a tv series,46
e1387,2010/11/29,a tv series,50
e1400,2010/12/03,a movie,32
e1402,2010/12/04,a movie,55
e1407,2010/12/05,a tv series,51
e1412,2010/12/06,a movie,12
e1417,2010/12/07,a documentary,52
e1423,2010/12/09,news,43
e1428,2010/12/10,a tv series,38
e1433,2010/12/11,a documentary,18
e1450,2010/12/15,news,30
e1453,2010/12/16,news,16
e1458,2010/12/17,a documentary,29
e1467,2010/12/19,a documentary,36
e1472,2010/12/20,a documentary,29
e1483,2010/12/22,a tv series,42
e1486,2010/12/23,a tv series,10
e1494,2010/12/25,news,42
e1499,2010/12/26,news,13
e1501,2010/12/27,news,14
e1507,2010/12/29,news,33
e1655,2011/01/02,a tv series,46
e1659,2011/01/03,news,6
e1667,2011/01/05,a tv series,21
e1673,2011/01/06,a movie,34
e1679,2011/01/07,news,50
e1682,2011/01/08,a documentary,11
e1692,2011/01/10,news,52
e1712,2011/01/16,a tv series,35
e1718,2011/01/17,news,43
e1720,2011/01/18,a movie,24
e1729,2011/01/22,news,46
e1734,2011/01/23,a movie,35
e1742,2011/01/25,news,39
e1750,2011/01/27,news,52
e1756,2011/01/28,a movie,45
e1763,2011/01/30,news,22
e1769,2011/01/31,news,11
e1783,2011/02/04,news,46
e1789,2011/02/06,a tv series,19
e1794,2011/02/07,a documentary,42
e1798,2011/02/08,news,15
e1808,2011/02/11,news,31
e1818,2011/02/13,news,34
e1821,2011/02/14,a documentary,32
e1826,2011/02/15,news,41
e1828,2011/02/16,a tv series,15
e1833,2011/02/18,a documentary,9
e1839,2011/02/20,a documentary,50
e1845,2011/02/22,a tv series,5
e1848,2011/02/23,a movie,38
e1851,2011/02/25,news,32
e1855,2011/02/26,a tv series,6
e1859,2011/02/27,a tv series,26
e1862,2011/02/28,news,42
e1866,2011/03/01,a tv series,10
e1874,2011/03/03,news,22
e1879,2011/03/04,a documentary,53
e1883,2011/03/05,a movie,46
e1891,2011/03/07,a movie,15
e1903,2011/03/10,a documentary,51
e1907,2011/03/11,a tv series,30
e1912,2011/03/12,a tv series,49
e1918,2011/03/13,a documentary,17
e1923,2011/03/14,a movie,33
e1927,2011/03/15,a movie,35
e1931,2011/03/16,a tv series,42
e1936,2011/03/17,a movie,55
e1942,2011/03/18,a tv series,8
e1948,2011/03/19,a documentary,48
e1953,2011/03/20,news,36
e1956,2011/03/21,news,17
e1961,2011/03/22,a tv series,27
e1969,2011/03/24,news,41
e1975,2011/03/25,news,46
e1979,2011/03/26,a movie,19
e1987,2011/03/28,a movie,10
e1991,2011/03/29,a tv series,36
e1998,2011/03/31,a documentary,9
e2004,2011/04/02,a tv series,54
e2009,2011/04/03,a movie,18
e2015,2011/04/04,a tv series,35
e2022,2011/04/07,news,31
e2027,2011/04/09,a tv series,39
e2028,2011/04/10,a documentary,54
e2038,2011/04/13,a documentary,33
e2041,2011/04/14,a tv series,12
e2046,2011/04/15,news,37
e2055,2011/04/18,a movie,50
e2060,2011/04/19,a documentary,47
e2065,2011/04/20,news,49
e2074,2011/04/22,a movie,6
e2082,2011/04/24,a movie,33
e2091,2011/04/26,news,46
e2098,2011/04/27,a documentary,15
e2102,2011/04/28,a documentary,27
e2105,2011/04/29,a tv series,31
e2117,2011/05/01,a documentary,43
e2123,2011/05/02,news,50
e2129,2011/05/03,news,54
e2132,2011/05/04,a movie,53
e2140,2011/05/06,a tv series,21
e2147,2011/05/08,a movie,12
e2154,2011/05/10,news,52
e2164,2011/05/13,a documentary,43
e2167,2011/05/14,a tv series,8
e2185,2011/05/19,a movie,32
e2194,2011/05/23,a tv series,42
e2197,2011/05/24,a movie,49
e2203,2011/05/25,news,17
e2209,2011/05/26,news,46
e2213,2011/05/27,news,52
e2219,2011/05/28,a tv series,40
e2221,2011/05/29,news,25
e2223,2011/05/30,news,50
e2232,2011/06/01,a documentary,44
e2235,2011/06/02,news,33
e2242,2011/06/03,a documentary,31
e2247,2011/06/04,a documentary,40
e2255,2011/06/07,a movie,32
e2261,2011/06/08,a documentary,55
e2267,2011/06/10,a tv series,22
e2287,2011/06/15,a tv series,23
e2291,2011/06/16,a tv series,53
e2305,2011/06/19,news,23
e2314,2011/06/21,a documentary,51
e2330,2011/06/26,a tv series,42
e2339,2011/06/28,a movie,23
e2342,2011/06/29,a tv series,21
e2348,2011/06/30,a movie,54
e2358,2011/07/02,a movie,10
e2361,2011/07/03,news,21
e2369,2011/07/05,news,55
e2375,2011/07/07,a tv series,7
e2378,2011/07/08,a movie,27
e2393,2011/07/12,a documentary,18
e2402,2011/07/15,a movie,8
e2406,2011/07/16,a tv series,16
e2410,2011/07/17,news,21
e2414,2011/07/18,a tv series,27
e2418,2011/07/19,a tv series,31
e2422,2011/07/20,a tv series,7
e2427,2011/07/21,news,36
e2432,2011/07/22,a movie,5
e2443,2011/07/24,news,20
e2449,2011/07/25,news,5
e2461,2011/07/28,a tv series,6
e2471,2011/07/30,a tv series,39
e2478,2011/08/01,news,9
e2481,2011/08/02,a documentary,20
e2497,2011/08/06,a movie,10
e2501,2011/08/07,news,27
e2505,2011/08/08,a tv series,49
e2518,2011/08/11,a tv series,13
e2522,2011/08/12,news,52
e2528,2011/08/14,news,36
e2534,2011/08/16,a tv series,44
e2562,2011/08/24,a movie,32
e2570,2011/08/26,a documentary,47
e2574,2011/08/27,news,55
e2576,2011/08/28,a tv series,24
e2580,2011/08/29,a documentary,10
e2594,2011/09/01,a movie,29
e2602,2011/09/03,news,12
e2605,2011/09/04,news,40
e2611,2011/09/06,a tv series,11
e2615,2011/09/07,a documentary,43
e2618,2011/09/08,a tv series,26
e2624,2011/09/09,a movie,26
e2630,2011/09/10,a movie,12
e2636,2011/09/11,a tv series,25
e2642,2011/09/13,news,7
e2647,2011/09/14,a movie,36
e2654,2011/09/16,a movie,43
e2657,2011/09/17,a documentary,53
e2668,2011/09/20,a documentary,36
e2674,2011/09/22,a documentary,13
e2678,2011/09/23,news,7
e2689,2011/09/25,a tv series,12
e2694,2011/09/26,a tv series,23
e2697,2011/09/27,news,46
e2701,2011/09/28,news,11
e2704,2011/09/29,a tv series,50
e2710,2011/10/01,news,16
e2731,2011/10/06,news,46
e2737,2011/10/07,news,54
e2740,2011/10/08,a tv series,55
e2752,2011/10/11,a movie,14
e2757,2011/10/13,news,19
e2764,2011/10/15,a documentary,23
e2776,2011/10/18,a movie,11
e2780,2011/10/19,a movie,13
e2784,2011/10/20,a movie,12
e2786,2011/10/21,news,42
e2792,2011/10/24,a movie,10
e2797,2011/10/26,news,45
e2806,2011/10/28,a documentary,17
e2821,2011/10/31,news,43
e2826,2011/11/01,a tv series,26
e2829,2011/11/02,news,23
e2835,2011/11/03,a tv series,8
e2842,2011/11/05,a tv series,28
e2849,2011/11/07,a movie,24
e2854,2011/11/08,a documentary,32
e2862,2011/11/10,a movie,31
e2870,2011/11/12,news,32
e2874,2011/11/13,a tv series,13
e2880,2011/11/14,a tv series,26
e2893,2011/11/19,a tv series,47
e2902,2011/11/22,a tv series,34
e2908,2011/11/24,a tv series,38
e2910,2011/11/25,a movie,48
e2917,2011/11/27,news,34
e2921,2011/11/28,a movie,5
e2924,2011/11/29,news,49
e2931,2011/12/01,news,44
e2945,2011/12/05,a tv series,6
e2949,2011/12/06,a tv series,11
e2953,2011/12/07,a movie,41
e2960,2011/12/09,news,9
e2982,2011/12/15,news,38
e2987,2011/12/16,a movie,14
e2993,2011/12/17,a documentary,34
e3004,2011/12/20,a movie,11
e3011,2011/12/21,news,9
e3016,2011/12/23,a tv series,38
e3021,2011/12/24,a movie,19
e3034,2011/12/28,news,22
e3182,2012/01/03,a tv series,52
e3195,2012/01/06,a documentary,42
e3201,2012/01/08,a documentary,17
e3205,2012/01/09,a documentary,20
e3221,2012/01/13,a movie,6
e3231,2012/01/16,news,6
e3234,2012/01/17,a tv series,40
e3268,2012/01/27,a tv series,52
e3276,2012/01/30,a documentary,33
e3285,2012/02/01,a tv series,12
e3302,2012/02/04,news,6
e3305,2012/02/05,a tv series,8
e3309,2012/02/06,a movie,23
e3318,2012/02/08,news,23
e3327,2012/02/10,a movie,50
e3333,2012/02/12,a tv series,38
e3338,2012/02/14,a movie,8
e3343,2012/02/15,a movie,51
e3347,2012/02/16,a tv series,39
e3360,2012/02/19,a movie,28
e3365,2012/02/20,news,34
e3369,2012/02/21,news,21
e3376,2012/02/23,a tv series,49
e3381,2012/02/24,a movie,55
e3386,2012/02/25,a tv series,20
e3396,2012/02/28,a movie,6
e3402,2012/02/29,a documentary,28
e3406,2012/03/01,a tv series,50
e3410,2012/03/02,news,31
e3415,2012/03/03,a movie,42
e3419,2012/03/04,a movie,28
e3434,2012/03/08,a documentary,42
e3440,2012/03/10,news,17
e3450,2012/03/12,news,26
e3459,2012/03/14,a tv series,5
e3472,2012/03/17,news,50
e3489,2012/03/22,a tv series,33
e3493,2012/03/24,a documentary,32
e3498,2012/03/25,a movie,5
e3504,2012/03/27,a movie,53
e3514,2012/03/29,a movie,51
e3518,2012/03/31,a documentary,36
e3522,2012/04/01,a tv series,31
e3527,2012/04/03,news,22
e3530,2012/04/04,a documentary,5
e3537,2012/04/06,a tv series,18
e3546,2012/04/08,a tv series,34
e3554,2012/04/10,a documentary,6
e3562,2012/04/12,a tv series,21
e3567,2012/04/13,a movie,25
e3582,2012/04/17,a movie,36
e3586,2012/04/18,a movie,16
e3590,2012/04/19,news,10
e3595,2012/04/20,news,33
e3598,2012/04/21,a tv series,5
e3608,2012/04/24,a tv series,20
e3624,2012/04/28,a documentary,39
e3634,2012/05/01,a tv series,25
e3641,2012/05/03,news,28
e3647,2012/05/05,news,45
e3659,2012/05/08,a movie,48
e3662,2012/05/09,a movie,17
e3668,2012/05/11,news,51
e3678,2012/05/13,a documentary,41
e3681,2012/05/14,news,48
e3685,2012/05/15,a movie,23
e3689,2012/05/16,a tv series,20
e3692,2012/05/17,a tv series,20
e3694,2012/05/18,news,46
e3699,2012/05/19,a tv series,30
e3703,2012/05/20,news,23
e3707,2012/05/21,a tv series,11
e3712,2012/05/22,a tv series,13
e3719,2012/05/23,news,37
e3727,2012/05/25,a movie,7
e3731,2012/05/27,a tv series,10
e3740,2012/05/29,news,21
e3744,2012/05/30,a movie,8
e3749,2012/05/31,a documentary,18
e3756,2012/06/01,a tv series,36
e3760,2012/06/02,news,39
e3773,2012/06/06,news,5
e3784,2012/06/10,news,46
e3789,2012/06/11,a movie,10
e3794,2012/06/13,a tv series,20
e3816,2012/06/21,news,22
e3820,2012/06/22,a documentary,9
e3824,2012/06/23,news,37
e3835,2012/06/25,news,17
e3839,2012/06/26,a movie,43
e3845,2012/06/27,a movie,15
e3849,2012/06/28,a movie,42
e3861,2012/07/01,a documentary,16
e3867,2012/07/02,a documentary,10
e3876,2012/07/04,a documentary,35
e3880,2012/07/05,news,44
e3888,2012/07/07,a documentary,21
e3891,2012/07/08,a tv series,5
e3898,2012/07/10,a tv series,8
e3902,2012/07/11,a movie,35
e3911,2012/07/13,a documentary,47
e3916,2012/07/14,news,30
e3920,2012/07/15,a documentary,54
e3945,2012/07/21,a movie,19
e3978,2012/07/31,a tv series,13
e3982,2012/08/01,a movie,36
e3986,2012/08/02,a movie,53
e3989,2012/08/03,a movie,45
e3994,2012/08/04,news,53
e4005,2012/08/07,a documentary,9
e4008,2012/08/08,a documentary,54
e4015,2012/08/10,a movie,44
e4020,2012/08/11,news,7
e4025,2012/08/13,news,23
e4028,2012/08/14,news,15
e4033,2012/08/15,news,26
e4045,2012/08/18,a movie,50
e4072,2012/08/24,news,33
e4074,2012/08/25,a tv series,30
e4080,2012/08/26,a tv series,8
e4088,2012/08/29,news,54
e4092,2012/08/30,a movie,37
e4095,2012/08/31,a documentary,13
e4102,2012/09/01,a movie,11
e4107,2012/09/02,a movie,46
e4114,2012/09/04,a movie,33
e4117,2012/09/05,a documentary,45
e4123,2012/09/07,news,15
e4130,2012/09/09,a documentary,37
e4133,2012/09/10,a movie,32
e4137,2012/09/11,a documentary,22
e4139,2012/09/12,news,15
e4149,2012/09/14,a movie,35
e4155,2012/09/15,a tv series,5
e4158,2012/09/16,a tv series,18
e4162,2012/09/17,a movie,16
e4169,2012/09/19,a tv series,55
e4173,2012/09/20,news,51
e4178,2012/09/21,a documentary,27
e4187,2012/09/23,a movie,18
e4194,2012/09/25,a tv series,47
e4202,2012/09/27,a tv series,9
e4215,2012/09/29,news,42
e4229,2012/10/04,news,34
e4237,2012/10/06,a tv series,40
e4242,2012/10/07,news,15
e4248,2012/10/08,a movie,45
e4250,2012/10/09,a movie,44
e4256,2012/10/10,a tv series,50
e4260,2012/10/11,news,49
e4276,2012/10/15,a movie,33
e4285,2012/10/17,news,14
e4289,2012/10/18,a tv series,35
e4294,2012/10/19,a tv series,13
e4298,2012/10/20,a tv series,11
e4299,2012/10/21,a movie,11
e4310,2012/10/23,a documentary,44
e4316,2012/10/24,a movie,12
e4321,2012/10/26,a movie,17
e4326,2012/10/27,a documentary,11
e4334,2012/10/29,news,14
e4341,2012/10/31,a documentary,8
e4362,2012/11/05,a documentary,36
e4368,2012/11/06,news,18
e4387,2012/11/11,a documentary,55
e4393,2012/11/12,a movie,6
e4397,2012/11/13,a tv series,29
e4415,2012/11/19,news,27
e4420,2012/11/20,a tv series,39
e4430,2012/11/22,a documentary,22
e4433,2012/11/23,a documentary,54
e4440,2012/11/25,a movie,19
e4450,2012/11/27,news,43
e4456,2012/11/28,a documentary,11
e4463,2012/11/30,a documentary,52
e4465,2012/12/01,a movie,13
e4472,2012/12/03,news,20
e4479,2012/12/05,a movie,39
e4485,2012/12/06,a tv series,12
e4493,2012/12/08,a tv series,13
e4495,2012/12/09,a documentary,35
e4500,2012/12/10,a documentary,45
e4514,2012/12/13,news,10
e4520,2012/12/14,news,54
e4534,2012/12/18,a tv series,23
e4542,2012/12/20,a movie,18
e4551,2012/12/22,a tv series,32
e4555,2012/12/23,news,48
e4560,2012/12/24,news,5
e4567,2012/12/26,a tv series,25
e4582,2012/12/31,a movie,30
e4703,2013/01/01,news,11
e4706,2013/01/02,a movie,25
e4713,2013/01/04,a tv series,48
e4715,2013/01/05,a documentary,38
e4719,2013/01/06,a tv series,37
e4732,2013/01/10,a tv series,10
e4735,2013/01/11,news,44
e4756,2013/01/16,a movie,37
e4761,2013/01/17,a tv series,14
e4783,2013/01/24,a tv series,54
e4790,2013/01/26,news,55
e4796,2013/01/27,a tv series,54
e4803,2013/01/29,a documentary,22
e4814,2013/01/31,a documentary,55
e4822,2013/02/04,a documentary,31
e4830,2013/02/07,a tv series,6
e4835,2013/02/08,a movie,7
e4839,2013/02/09,a tv series,7
e4841,2013/02/10,a documentary,6
e4850,2013/02/12,a documentary,8
e4854,2013/02/13,a documentary,18
e4857,2013/02/14,news,43
e4862,2013/02/16,a tv series,54
e4868,2013/02/17,a movie,10
e4886,2013/02/22,a movie,27
e4900,2013/02/26,a tv series,33
e4907,2013/02/28,a movie,5
e4919,2013/03/03,news,28
e4923,2013/03/04,a tv series,51
e4928,2013/03/05,a documentary,14
e4935,2013/03/08,news,22
e4939,2013/03/09,a tv series,33
e4942,2013/03/10,a documentary,33
e4945,2013/03/11,a tv series,13
e4950,2013/03/12,a tv series,43
e4956,2013/03/13,a movie,39
e4961,2013/03/14,a documentary,5
e4967,2013/03/16,a tv series,46
e4986,2013/03/20,a movie,23
e4992,2013/03/22,a tv series,12
e4997,2013/03/23,a movie,51
e5013,2013/03/27,a tv series,42
e5019,2013/03/28,a tv series,20
e5026,2013/03/30,news,45
e5030,2013/03/31,news,29
e5039,2013/04/02,news,9
e5042,2013/04/03,a tv series,24
e5056,2013/04/09,news,27
e5064,2013/04/11,a movie,10
e5071,2013/04/13,news,11
e5075,2013/04/14,news,12
e5079,2013/04/15,news,11
e5083,2013/04/16,news,33
e5093,2013/04/19,a documentary,12
e5113,2013/04/24,a movie,6
e5119,2013/04/25,a movie,5
e5124,2013/04/26,a tv series,54
e5131,2013/04/27,news,24
e5138,2013/04/28,a tv series,44
e5141,2013/04/29,a tv series,18
e5147,2013/04/30,a tv series,31
e5156,2013/05/02,a movie,19
e5160,2013/05/03,a movie,37
e5166,2013/05/04,news,11
e5178,2013/05/07,a tv series,15
e5182,2013/05/08,news,30
e5187,2013/05/09,a movie,13
e5194,2013/05/10,a movie,50
e5216,2013/05/16,a tv series,45
e5221,2013/05/17,a documentary,43
e5223,2013/05/18,a tv series,34
e5230,2013/05/20,a movie,6
e5242,2013/05/24,a movie,24
e5247,2013/05/25,a tv series,32
e5254,2013/05/27,news,32
e5267,2013/05/31,a movie,14
e5273,2013/06/01,a documentary,15
e5279,2013/06/03,a documentary,21
e5287,2013/06/05,a tv series,17
e5293,2013/06/06,news,51
e5297,2013/06/07,news,20
e5300,2013/06/08,a documentary,42
e5310,2013/06/11,a documentary,23
e5312,2013/06/12,a documentary,15
e5318,2013/06/13,news,47
e5332,2013/06/17,a tv series,55
e5357,2013/06/23,a movie,49
e5359,2013/06/24,a tv series,15
e5362,2013/06/25,a tv series,45
e5372,2013/06/28,news,27
e5388,2013/07/02,a tv series,24
e5398,2013/07/05,a movie,48
e5404,2013/07/06,a documentary,20
e5422,2013/07/12,a tv series,43
e5427,2013/07/13,news,29
e5439,2013/07/16,a tv series,50
e5444,2013/07/17,news,16
e5453,2013/07/20,a movie,41
e5458,2013/07/21,news,26
e5471,2013/07/25,a documentary,27
e5478,2013/07/27,a tv series,35
e5484,2013/07/29,a movie,23
e5488,2013/07/30,a tv series,6
e5507,2013/08/04,a documentary,26
e5513,2013/08/05,a tv series,31
e5515,2013/08/06,a documentary,19
e5520,2013/08/07,a tv series,9
e5525,2013/08/08,a movie,43
e5528,2013/08/09,news,38
e5533,2013/08/10,a tv series,23
e5536,2013/08/11,a tv series,19
e5543,2013/08/13,a movie,36
e5549,2013/08/16,a documentary,32
e5551,2013/08/17,a movie,13
e5562,2013/08/20,a documentary,50
e5566,2013/08/21,a tv series,48
e5574,2013/08/23,a documentary,8
e5582,2013/08/25,news,9
e5588,2013/08/26,news,36
e5595,2013/08/28,a tv series,32
e5599,2013/08/29,a movie,27
e5609,2013/09/01,a documentary,30
e5614,2013/09/02,a documentary,39
e5617,2013/09/03,news,8
e5625,2013/09/05,a tv series,51
e5629,2013/09/06,news,50
e5634,2013/09/07,a documentary,32
e5638,2013/09/08,a tv series,54
e5648,2013/09/12,a movie,14
e5655,2013/09/13,a movie,44
e5661,2013/09/15,a tv series,20
e5668,2013/09/17,a movie,21
e5675,2013/09/19,a documentary,17
e5680,2013/09/20,a tv series,21
e5686,2013/09/21,a documentary,45
e5692,2013/09/22,a tv series,22
e5697,2013/09/23,news,15
e5714,2013/09/28,a documentary,32
e5723,2013/10/01,news,22
e5730,2013/10/03,a movie,26
e5734,2013/10/04,a tv series,38
e5740,2013/10/07,a tv series,11
e5761,2013/10/16,a movie,10
e5763,2013/10/17,a tv series,35
e5770,2013/10/19,news,8
e5782,2013/10/23,news,15
e5790,2013/10/25,a documentary,13
e5795,2013/10/26,a documentary,35
e5817,2013/11/02,a movie,37
e5835,2013/11/06,a tv series,6
e5846,2013/11/08,news,32
e5850,2013/11/09,news,49
e5854,2013/11/11,a tv series,52
e5857,2013/11/12,a documentary,26
e5875,2013/11/17,a documentary,46
e5878,2013/11/18,news,24
e5894,2013/11/23,a movie,17
e5898,2013/11/24,a documentary,26
e5903,2013/11/26,a tv series,34
e5913,2013/11/28,a tv series,36
e5917,2013/11/29,a documentary,33
e5933,2013/12/03,a tv series,50
e5936,2013/12/04,a documentary,28
e5945,2013/12/06,a movie,53
e5954,2013/12/08,a tv series,43
e5957,2013/12/09,news,53
e5966,2013/12/12,news,23
e5970,2013/12/13,news,49
e5979,2013/12/15,a documentary,20
e5984,2013/12/16,a documentary,54
e5996,2013/12/19,a documentary,50
e6001,2013/12/20,a tv series,36
e6005,2013/12/21,a tv series,49
e6009,2013/12/22,a documentary,38
e6020,2013/12/24,a documentary,39
e6027,2013/12/26,a documentary,46
e6030,2013/12/27,news,37
e6035,2013/12/29,news,17
e6189,2014/01/04,news,39
e6191,2014/01/05,news,33
e6202,2014/01/08,a documentary,54
e6209,2014/01/10,a documentary,53
e6220,2014/01/13,a tv series,28
e6224,2014/01/14,a tv series,17
e6232,2014/01/16,a tv series,33
e6236,2014/01/17,a documentary,28
e6243,2014/01/19,a documentary,10
e6252,2014/01/21,a documentary,43
e6257,2014/01/22,a documentary,46
e6261,2014/01/23,news,42
e6265,2014/01/24,a movie,5
e6269,2014/01/25,a documentary,22
e6281,2014/01/29,a documentary,7
e6295,2014/02/02,a tv series,44
e6300,2014/02/03,a tv series,46
e6306,2014/02/04,a tv series,17
e6314,2014/02/06,news,43
e6328,2014/02/09,news,12
e6336,2014/02/10,a documentary,36
e6343,2014/02/11,a tv series,17
e6347,2014/02/12,a movie,18
e6350,2014/02/13,a tv series,39
e6362,2014/02/16,a movie,37
e6366,2014/02/17,a tv series,24
e6371,2014/02/18,a documentary,26
e6397,2014/02/24,a documentary,29
e6402,2014/02/25,a tv series,34
e6406,2014/02/26,a movie,39
e6409,2014/02/27,a tv series,47
e6414,2014/02/28,a tv series,20
e6420,2014/03/02,a documentary,40
e6429,2014/03/05,a tv series,50
e6433,2014/03/06,a movie,52
e6439,2014/03/08,news,14
e6442,2014/03/09,a movie,21
e6452,2014/03/11,a tv series,47
e6455,2014/03/12,a movie,16
e6464,2014/03/14,news,9
e6478,2014/03/18,news,47
e6482,2014/03/19,a documentary,7
e6485,2014/03/20,news,7
e6488,2014/03/21,a tv series,18
e6498,2014/03/24,news,9
e6517,2014/03/29,news,19
e6529,2014/04/01,news,12
e6534,2014/04/02,a documentary,22
e6547,2014/04/05,a movie,14
e6562,2014/04/09,a movie,28
e6567,2014/04/10,a documentary,32
e6582,2014/04/13,a documentary,22
e6597,2014/04/17,news,47
e6612,2014/04/20,a tv series,20
e6615,2014/04/21,a tv series,23
e6623,2014/04/23,news,50
e6629,2014/04/24,a movie,54
e6634,2014/04/25,a movie,51
e6638,2014/04/26,a movie,5
e6642,2014/04/27,a movie,14
e6650,2014/04/29,a tv series,32
e6654,2014/04/30,a movie,53
e6661,2014/05/02,a documentary,45
e6666,2014/05/03,news,50
e6672,2014/05/05,a tv series,53
e6678,2014/05/06,a movie,15
e6682,2014/05/07,news,23
e6691,2014/05/09,news,40
e6695,2014/05/10,a tv series,22
e6705,2014/05/12,a movie,42
e6715,2014/05/14,a documentary,40
e6718,2014/05/15,news,5
e6723,2014/05/16,news,49
e6727,2014/05/17,news,34
e6733,2014/05/18,news,20
e6737,2014/05/19,a tv series,22
e6743,2014/05/20,a documentary,44
e6747,2014/05/21,a movie,28
e6754,2014/05/24,a documentary,7
e6758,2014/05/25,a tv series,35
e6763,2014/05/27,news,43
e6767,2014/05/28,a tv series,8
e6781,2014/06/01,a movie,37
e6786,2014/06/02,a tv series,51
e6805,2014/06/07,a documentary,28
e6809,2014/06/08,news,18
e6820,2014/06/10,a tv series,9
e6845,2014/06/16,news,25
e6848,2014/06/17,a tv series,43
e6853,2014/06/18,a movie,49
e6860,2014/06/19,a movie,6
e6863,2014/06/20,a documentary,7
e6872,2014/06/22,news,33
e6875,2014/06/23,news,47
e6881,2014/06/26,a documentary,20
e6884,2014/06/27,news,28
e6895,2014/06/30,a tv series,13
e6904,2014/07/03,a tv series,52
e6908,2014/07/04,a documentary,27
e6923,2014/07/08,a documentary,13
e6928,2014/07/09,a documentary,53
e6931,2014/07/10,a documentary,33
e6936,2014/07/11,a tv series,47
e6944,2014/07/14,a tv series,16
e6948,2014/07/15,a documentary,43
e6959,2014/07/18,a tv series,22
e6963,2014/07/19,news,22
e6967,2014/07/20,a documentary,53
e6972,2014/07/21,a tv series,39
e6989,2014/07/26,news,10
e6994,2014/07/27,a tv series,55
e6997,2014/07/28,news,29
e7009,2014/08/01,news,37
e7011,2014/08/02,a documentary,33
e7013,2014/08/03,news,22
e7018,2014/08/06,news,18
e7026,2014/08/08,news,50
e7031,2014/08/09,a documentary,39
e7042,2014/08/11,a documentary,37
e7048,2014/08/13,a tv series,35
e7053,2014/08/14,a tv series,27
e7057,2014/08/15,a documentary,12
e7071,2014/08/18,a documentary,11
e7077,2014/08/20,a documentary,37
e7081,2014/08/21,a tv series,13
e7086,2014/08/22,a documentary,25
e7099,2014/08/25,a documentary,32
e7104,2014/08/26,a tv series,46
e7108,2014/08/27,a documentary,22
e7111,2014/08/28,a tv series,43
e7116,2014/08/29,a tv series,55
e7121,2014/08/30,a documentary,22
e7146,2014/09/04,a tv series,20
e7153,2014/09/08,a documentary,27
e7158,2014/09/09,a documentary,20
e7162,2014/09/10,a documentary,5
e7166,2014/09/11,news,44
e7170,2014/09/12,a documentary,34
e7172,2014/09/13,a tv series,49
e7176,2014/09/14,a tv series,48
e7193,2014/09/17,a documentary,19
e7205,2014/09/20,a documentary,30
e7209,2014/09/21,a tv series,32
e7215,2014/09/22,a movie,18
e7226,2014/09/25,a tv series,38
e7230,2014/09/26,a documentary,22
e7240,2014/09/29,a tv series,15
e7243,2014/09/30,news,35
e7245,2014/10/01,a documentary,30
e7248,2014/10/02,a documentary,27
e7256,2014/10/04,a movie,53
e7265,2014/10/07,a documentary,33
e7270,2014/10/08,a tv series,11
e7283,2014/10/13,a tv series,17
e7291,2014/10/15,a documentary,23
e7300,2014/10/17,a tv series,22
e7309,2014/10/19,news,53
e7311,2014/10/20,a documentary,27
e7320,2014/10/22,a movie,52
e7323,2014/10/23,a tv series,11
e7326,2014/10/24,a documentary,32
e7339,2014/10/27,a tv series,48
e7344,2014/10/28,a documentary,21
e7356,2014/10/31,news,46
e7366,2014/11/02,a tv series,20
e7372,2014/11/04,a tv series,9
e7379,2014/11/06,news,23
e7382,2014/11/07,a documentary,41
e7386,2014/11/08,a documentary,46
e7398,2014/11/11,news,53
e7412,2014/11/14,a movie,46
e7419,2014/11/16,a documentary,51
e7424,2014/11/17,a documentary,12
e7429,2014/11/18,a documentary,51
e7437,2014/11/21,a tv series,9
e7443,2014/11/23,news,18
e7452,2014/11/25,a tv series,54
e7457,2014/11/26,a tv series,50
e7465,2014/11/28,news,30
e7483,2014/12/03,a documentary,31
e7489,2014/12/05,news,30
e7494,2014/12/07,news,55
e7499,2014/12/09,a tv series,16
e7503,2014/12/10,news,42
e7511,2014/12/12,a tv series,18
e7516,2014/12/13,a documentary,25
e7532,2014/12/17,a movie,26
e7541,2014/12/20,a tv series,13
e7547,2014/12/21,a movie,49
e7557,2014/12/24,news,54
e7561,2014/12/25,a movie,25
e7565,2014/12/26,a tv series,37
e7568,2014/12/27,a documentary,37
e7571,2014/12/28,a documentary,45
e7578,2014/12/30,a movie,36
e7738,2015/01/02,news,40
e7749,2015/01/04,a tv series,24
e7754,2015/01/05,news,47
e7763,2015/01/07,a documentary,46
e7764,2015/01/08,a tv series,26
e7770,2015/01/09,news,22
e7775,2015/01/10,a tv series,37
e7779,2015/01/11,a documentary,46
e7784,2015/01/12,a documentary,12
e7792,2015/01/14,a movie,43
e7807,2015/01/19,a tv series,24
e7828,2015/01/25,a tv series,50
e7842,2015/01/28,news,7
e7858,2015/02/01,a tv series,52
e7866,2015/02/03,a movie,19
e7874,2015/02/05,news,50
e7879,2015/02/07,a movie,43
e7884,2015/02/08,a tv series,33
e7888,2015/02/09,a movie,45
e7889,2015/02/10,a tv series,5
e7893,2015/02/11,a movie,47
e7901,2015/02/14,a movie,25
e7904,2015/02/15,a movie,25
e7909,2015/02/16,a movie,41
e7913,2015/02/17,a tv series,21
e7927,2015/02/21,a tv series,37
e7937,2015/02/24,a tv series,32
e7944,2015/02/26,news,25
e7948,2015/02/27,news,26
e7978,2015/03/06,a tv series,48
e7995,2015/03/12,news,10
e8010,2015/03/16,a documentary,37
e8014,2015/03/17,a tv series,53
e8019,2015/03/18,news,42
e8023,2015/03/20,a tv series,38
e8027,2015/03/21,a movie,23
e8032,2015/03/22,news,10
e8036,2015/03/23,a movie,53
e8040,2015/03/24,a tv series,49
e8045,2015/03/25,a tv series,28
e8053,2015/03/28,a documentary,35
e8057,2015/03/29,news,17
e8062,2015/03/31,a tv series,28
e8076,2015/04/04,a movie,35
e8080,2015/04/05,news,50
e8090,2015/04/08,news,55
e8093,2015/04/09,news,29
e8112,2015/04/15,a documentary,21
e8118,2015/04/17,a documentary,21
e8123,2015/04/18,a movie,13
e8128,2015/04/19,a documentary,37
e8142,2015/04/23,news,11
e8150,2015/04/25,a documentary,11
e8164,2015/04/29,a tv series,11
e8169,2015/05/01,news,28
e8173,2015/05/03,news,26
e8181,2015/05/06,a documentary,43
e8186,2015/05/07,news,7
e8190,2015/05/08,a movie,45
e8196,2015/05/09,news,15
e8203,2015/05/11,a tv series,40
e8208,2015/05/12,news,53
e8210,2015/05/13,a documentary,16
e8215,2015/05/14,a documentary,17
e8218,2015/05/15,a tv series,29
e8226,2015/05/17,a movie,15
e8231,2015/05/18,a tv series,32
e8247,2015/05/21,a documentary,35
e8251,2015/05/22,a documentary,8
e8271,2015/05/27,news,18
e8275,2015/05/28,a tv series,53
e8279,2015/05/29,news,12
e8286,2015/05/31,a tv series,41
e8293,2015/06/01,a tv series,50
e8302,2015/06/04,a documentary,10
e8313,2015/06/07,news,55
e8333,2015/06/12,a documentary,18
e8344,2015/06/15,a tv series,47
e8349,2015/06/16,a tv series,29
e8357,2015/06/18,a tv series,21
e8368,2015/06/20,news,19
e8373,2015/06/21,a movie,43
e8382,2015/06/23,a documentary,25
e8391,2015/06/26,a movie,9
e8410,2015/07/02,a tv series,10
e8420,2015/07/05,news,31
e8428,2015/07/08,a movie,19
e8432,2015/07/09,a documentary,40
e8439,2015/07/10,news,14
e8443,2015/07/11,news,12
e8465,2015/07/16,news,45
e8468,2015/07/17,a movie,52
e8473,2015/07/18,a documentary,24
e8488,2015/07/22,a documentary,54
e8494,2015/07/23,a movie,15
e8503,2015/07/25,a tv series,32
e8508,2015/07/26,a movie,39
e8512,2015/07/27,a tv series,18
e8516,2015/07/28,a tv series,39
e8517,2015/07/29,a tv series,15
e8520,2015/07/30,a documentary,24
e8523,2015/07/31,a documentary,41
e8534,2015/08/03,a documentary,42
e8539,2015/08/04,a tv series,10
e8548,2015/08/06,a tv series,27
e8563,2015/08/11,a movie,10
e8572,2015/08/13,a tv series,41
e8579,2015/08/15,news,35
e8587,2015/08/17,news,40
e8595,2015/08/19,news,6
e8604,2015/08/21,news,42
e8614,2015/08/24,news,19
e8624,2015/08/26,a tv series,38
e8632,2015/08/28,news,14
e8635,2015/08/29,news,8
e8638,2015/08/30,news,26
e8643,2015/08/31,a documentary,38
e8653,2015/09/03,a movie,16
e8662,2015/09/05,news,14
e8666,2015/09/06,news,41
e8671,2015/09/07,a documentary,10
e8679,2015/09/09,a tv series,54
e8685,2015/09/10,a documentary,11
e8688,2015/09/11,a movie,22
e8699,2015/09/14,a documentary,42
e8702,2015/09/15,a documentary,19
e8709,2015/09/17,news,39
e8714,2015/09/18,a tv series,9
e8721,2015/09/19,news,16
e8729,2015/09/21,a movie,38
e8738,2015/09/24,a tv series,9
e8746,2015/09/27,a movie,34
e8750,2015/09/28,a documentary,12
e8754,2015/09/29,a tv series,33
e8771,2015/10/05,news,10
e8776,2015/10/07,a tv series,41
e8781,2015/10/08,a tv series,18
e8788,2015/10/10,a documentary,26
e8807,2015/10/14,a documentary,54
e8813,2015/10/15,a tv series,12
e8817,2015/10/16,a movie,11
e8826,2015/10/18,a tv series,49
e8830,2015/10/21,a documentary,14
e8832,2015/10/22,a tv series,13
e8835,2015/10/23,a documentary,19
e8847,2015/10/26,a tv series,11
e8852,2015/10/27,a movie,25
e8859,2015/10/30,a tv series,55
e8863,2015/10/31,a movie,10
e8881,2015/11/05,news,43
e8889,2015/11/07,a documentary,26
e8894,2015/11/08,news,11
e8897,2015/11/09,a movie,12
e8899,2015/11/10,news,48
e8910,2015/11/13,a tv series,42
e8925,2015/11/17,a tv series,55
e8929,2015/11/18,a documentary,10
e8938,2015/11/20,a tv series,11
e8941,2015/11/21,news,30
e8947,2015/11/23,news,17
e8954,2015/11/24,news,53
e8956,2015/11/25,news,23
e8965,2015/11/28,a documentary,54
e8972,2015/11/30,news,11
e8976,2015/12/01,a documentary,26
e8983,2015/12/03,news,28
e8987,2015/12/04,a tv series,41
e8995,2015/12/06,a movie,18
e9001,2015/12/07,a movie,27
e9006,2015/12/08,a documentary,23
e9019,2015/12/13,a documentary,27
e9023,2015/12/14,news,31
e9028,2015/12/15,a documentary,42
e9038,2015/12/19,a movie,5
e9075,2015/12/28,a movie,21
e9081,2015/12/30,a movie,37
e9236,2016/01/02,a movie,34
e9245,2016/01/05,a documentary,25
e9250,2016/01/06,news,10
e9254,2016/01/07,news,31
e9267,2016/01/11,a movie,17
e9281,2016/01/15,a movie,45
e9284,2016/01/16,a tv series,45
e9293,2016/01/19,a documentary,17
e9296,2016/01/20,news,20
e9306,2016/01/22,a tv series,32
e9316,2016/01/25,a documentary,5
e9320,2016/01/26,news,34
e9323,2016/01/27,news,39
e9328,2016/01/28,news,54
e9334,2016/01/29,a tv series,18
e9341,2016/01/30,news,32
e9347,2016/02/01,a tv series,27
e9351,2016/02/02,news,11
e9356,2016/02/03,news,17
e9362,2016/02/04,a tv series,8
e9377,2016/02/08,a tv series,50
e9384,2016/02/09,news,6
e9395,2016/02/13,a movie,21
e9400,2016/02/14,news,37
e9409,2016/02/17,a documentary,20
e9411,2016/02/18,news,16
e9413,2016/02/19,a documentary,39
e9416,2016/02/20,a movie,26
e9420,2016/02/21,news,9
e9428,2016/02/25,a documentary,43
e9434,2016/02/27,a tv series,47
e9438,2016/02/28,a tv series,46
e9441,2016/02/29,a movie,33
e9451,2016/03/03,a tv series,26
e9463,2016/03/07,a documentary,10
e9470,2016/03/09,news,21
e9478,2016/03/11,a documentary,40
e9483,2016/03/12,a documentary,39
e9498,2016/03/17,a tv series,45
e9504,2016/03/18,a documentary,8
e9514,2016/03/21,a movie,44
e9519,2016/03/22,a movie,22
e9534,2016/03/26,a movie,16
e9545,2016/03/28,a movie,5
e9552,2016/03/30,a documentary,52
e9562,2016/04/01,a tv series,35
e9568,2016/04/02,news,37
e9577,2016/04/04,a documentary,19
e9598,2016/04/10,a documentary,25
e9603,2016/04/11,news,32
e9610,2016/04/13,a tv series,19
e9615,2016/04/15,a movie,24
e9623,2016/04/18,news,22
e9628,2016/04/19,a documentary,27
e9634,2016/04/21,a documentary,19
e9638,2016/04/22,a documentary,41
e9645,2016/04/23,news,11
e9649,2016/04/24,a movie,17
e9652,2016/04/25,news,12
e9656,2016/04/26,a documentary,23
e9663,2016/04/27,a movie,14
e9674,2016/04/30,a movie,28
e9683,2016/05/02,a documentary,24
e9687,2016/05/03,a tv series,9
e9693,2016/05/05,a tv series,24
e9700,2016/05/06,a movie,43
e9709,2016/05/09,news,22
e9731,2016/05/14,a movie,23
e9737,2016/05/16,a tv series,40
e9747,2016/05/18,a tv series,8
e9749,2016/05/19,a movie,18
e9755,2016/05/21,a movie,51
e9759,2016/05/23,a movie,51
e9769,2016/05/26,news,21
e9771,2016/05/27,a tv series,12
e9775,2016/05/28,news,35
e9791,2016/06/01,a tv series,27
e9794,2016/06/02,a documentary,43
e9799,2016/06/03,news,53
e9805,2016/06/05,a documentary,48
e9809,2016/06/06,a tv series,55
e9812,2016/06/07,a movie,16
e9818,2016/06/09,a movie,46
e9833,2016/06/13,a tv series,42
e9845,2016/06/16,a documentary,25
e9848,2016/06/17,a movie,35
e9862,2016/06/21,a documentary,23
e9866,2016/06/22,a tv series,42
e9876,2016/06/25,a documentary,55
e9888,2016/06/28,a tv series,46
e9893,2016/06/29,a movie,21
e9895,2016/06/30,a tv series,18
e9898,2016/07/01,news,9
e9908,2016/07/04,news,35
e9917,2016/07/06,a tv series,5
e9922,2016/07/07,a tv series,11
e9929,2016/07/09,a documentary,49
e9942,2016/07/12,a movie,18
e9945,2016/07/13,a documentary,8
e9950,2016/07/14,news,31
e9958,2016/07/16,news,50
e9962,2016/07/17,a tv series,23
e9968,2016/07/18,a documentary,39
e9971,2016/07/19,a tv series,7
e9989,2016/07/23,a movie,14
e9992,2016/07/24,a tv series,7
e10005,2016/07/28,news,55
e10009,2016/07/29,a movie,29
e10016,2016/07/31,a documentary,7
e10021,2016/08/01,news,55
e10025,2016/08/02,a movie,50
e10030,2016/08/03,a movie,17
e10032,2016/08/04,a documentary,39
e10034,2016/08/05,news,54
e10045,2016/08/08,a movie,22
e10055,2016/08/10,a tv series,30
e10061,2016/08/11,a documentary,44
e10066,2016/08/12,a movie,26
e10070,2016/08/13,a movie,52
e10078,2016/08/16,a tv series,51
e10081,2016/08/17,a movie,8
e10086,2016/08/18,a documentary,27
e10092,2016/08/19,a documentary,31
e10098,2016/08/21,news,17
e10109,2016/08/23,news,5
e10113,2016/08/24,a movie,55
e10121,2016/08/27,a tv series,7
e10125,2016/08/28,news,7
e10132,2016/08/29,a tv series,41
e10139,2016/08/30,news,31
e10144,2016/08/31,news,12
e10154,2016/09/03,news,15
e10158,2016/09/04,a documentary,41
e10165,2016/09/06,a movie,11
e10169,2016/09/07,news,14
e10179,2016/09/09,a movie,13
e10185,2016/09/10,news,38
e10220,2016/09/20,a tv series,44
e10239,2016/09/25,a tv series,17
e10245,2016/09/26,news,28
e10254,2016/09/29,a movie,30
e10260,2016/09/30,a movie,31
e10267,2016/10/02,a movie,31
e10277,2016/10/04,a tv series,47
e10291,2016/10/07,a movie,51
e10304,2016/10/10,news,14
e10327,2016/10/16,a tv series,42
e10342,2016/10/20,a tv series,36
e10349,2016/10/22,news,44
e10356,2016/10/23,a tv series,24
e10381,2016/10/28,a documentary,34
e10387,2016/10/29,a documentary,53
e10408,2016/11/03,news,34
e10413,2016/11/04,news,25
e10419,2016/11/06,a documentary,15
e10423,2016/11/07,a documentary,52
e10431,2016/11/09,a documentary,52
e10442,2016/11/11,news,38
e10445,2016/11/12,a movie,18
e10457,2016/11/15,a movie,5
e10464,2016/11/16,a movie,5
e10473,2016/11/18,a documentary,13
e10476,2016/11/19,a tv series,15
e10480,2016/11/20,a documentary,47
e10483,2016/11/21,news,42
e10499,2016/11/24,a tv series,55
e10506,2016/11/26,a movie,25
e10509,2016/11/27,news,38
e10514,2016/11/28,a movie,24
e10519,2016/11/29,a movie,30
e10522,2016/11/30,a tv series,45
e10535,2016/12/03,news,55
e10540,2016/12/04,a tv series,42
e10545,2016/12/06,a tv series,35
e10557,2016/12/09,a movie,23
e10566,2016/12/11,news,49
e10572,2016/12/12,a tv series,10
e10576,2016/12/13,a documentary,37
e10581,2016/12/14,a tv series,33
e10587,2016/12/15,a tv series,49
e10590,2016/12/16,a movie,13
e10597,2016/12/18,a movie,7
e10601,2016/12/19,a movie,16
e10606,2016/12/20,a movie,12
e10614,2016/12/22,a tv series,37
e10618,2016/12/23,a tv series,9
e10637,2016/12/28,news,40
e10804,2017/01/06,a documentary,31
e10820,2017/01/10,news,9
e10828,2017/01/12,news,24
e10835,2017/01/14,news,23
e10837,2017/01/15,a tv series,13
e10842,2017/01/16,a tv series,7
e10845,2017/01/17,news,19
e10849,2017/01/18,a tv series,37
e10864,2017/01/22,a documentary,30
e10868,2017/01/23,a documentary,33
e10872,2017/01/24,a tv series,8
e10876,2017/01/25,a documentary,16
e10885,2017/01/27,a movie,41
e10890,2017/01/28,a documentary,24
e10900,2017/01/30,a tv series,25
e10904,2017/01/31,a movie,14
e10910,2017/02/02,a tv series,47
e10921,2017/02/05,a documentary,21
e10936,2017/02/09,a tv series,54
e10940,2017/02/10,a movie,44
e10956,2017/02/14,news,22
e10958,2017/02/15,a tv series,30
e10964,2017/02/16,a documentary,34
e10972,2017/02/19,a movie,10
e10977,2017/02/20,a movie,39
e10987,2017/02/22,news,51
e11004,2017/03/01,a movie,48
e11010,2017/03/02,a movie,10
e11014,2017/03/04,a documentary,13
e11024,2017/03/06,a documentary,40
e11032,2017/03/08,a tv series,8
e11039,2017/03/10,news,49
e11044,2017/03/11,news,7
e11061,2017/03/15,a movie,32
e11068,2017/03/17,a movie,7
e11078,2017/03/20,news,15
e11082,2017/03/22,a movie,42
e11087,2017/03/23,a tv series,41
e11091,2017/03/24,a tv series,12
e11104,2017/03/27,news,25
e11108,2017/03/28,news,14
e11117,2017/03/30,a movie,26
e11124,2017/04/01,a tv series,8
e11127,2017/04/02,news,16
e11138,2017/04/05,news,47
e11148,2017/04/08,a documentary,31
e11165,2017/04/13,a documentary,8
e11170,2017/04/14,a documentary,53
e11173,2017/04/15,a documentary,31
e11186,2017/04/19,news,51
e11194,2017/04/21,a tv series,19
e11200,2017/04/22,a movie,33
e11213,2017/04/26,a documentary,14
e11231,2017/04/30,a tv series,17
e11237,2017/05/02,news,12
e11246,2017/05/04,a documentary,22
e11250,2017/05/06,a documentary,22
e11253,2017/05/07,a documentary,30
e11260,2017/05/09,news,45
e11264,2017/05/10,news,54
e11268,2017/05/11,a tv series,29
e11273,2017/05/12,news,52
e11276,2017/05/13,a documentary,25
e11283,2017/05/15,a documentary,19
e11288,2017/05/16,a tv series,5
e11293,2017/05/17,news,7
e11303,2017/05/22,a documentary,34
e11316,2017/05/27,a movie,41
e11323,2017/05/28,news,10
e11326,2017/05/29,a tv series,49
e11331,2017/05/30,a tv series,39
e11335,2017/05/31,a documentary,9
e11338,2017/06/01,a movie,22
e11348,2017/06/03,news,44
e11354,2017/06/04,a movie,9
e11383,2017/06/13,news,47
e11390,2017/06/15,news,27
e11400,2017/06/17,a documentary,35
e11403,2017/06/18,a movie,45
e11404,2017/06/19,a tv series,46
e11409,2017/06/20,a movie,35
e11415,2017/06/22,a documentary,24
e11418,2017/06/23,news,6
e11421,2017/06/24,news,44
e11427,2017/06/25,news,47
e11432,2017/06/27,a movie,16
e11438,2017/06/28,news,24
e11441,2017/06/29,a movie,23
e11446,2017/06/30,a movie,17
e11464,2017/07/04,news,22
e11468,2017/07/05,a movie,34
e11481,2017/07/08,a documentary,36
e11492,2017/07/11,news,43
e11501,2017/07/14,a tv series,48
e11505,2017/07/15,a documentary,11
e11513,2017/07/17,news,30
e11529,2017/07/20,a tv series,42
e11534,2017/07/21,a documentary,15
e11544,2017/07/24,a movie,7
e11548,2017/07/25,news,34
e11554,2017/07/26,a tv series,40
e11562,2017/07/28,news,33
e11565,2017/07/29,a documentary,7
e11569,2017/07/30,news,6
e11581,2017/08/01,a documentary,55
e11586,2017/08/03,a movie,38
e11594,2017/08/05,a movie,35
e11597,2017/08/06,a documentary,26
e11600,2017/08/08,a movie,49
e11606,2017/08/09,a documentary,6
e11610,2017/08/10,a movie,50
e11615,2017/08/11,a tv series,23
e11622,2017/08/12,news,34
e11635,2017/08/15,a tv series,39
e11644,2017/08/18,a tv series,19
e11666,2017/08/23,a movie,34
e11674,2017/08/25,a documentary,17
e11680,2017/08/26,a movie,7
e11682,2017/08/27,a documentary,42
e11689,2017/08/28,a documentary,28
e11692,2017/08/29,a tv series,42
e11697,2017/08/30,a movie,6
e11701,2017/08/31,a tv series,8
e11709,2017/09/03,a tv series,55
e11722,2017/09/06,a movie,31
e11724,2017/09/07,news,12
e11739,2017/09/10,a movie,12
e11742,2017/09/11,news,45
e11745,2017/09/12,a movie,26
e11747,2017/09/13,news,46
e11753,2017/09/14,a tv series,43
e11758,2017/09/15,a movie,46
e11769,2017/09/18,a movie,13
e11777,2017/09/20,news,34
e11786,2017/09/22,a movie,28
e11796,2017/09/24,news,13
e11804,2017/09/27,a movie,28
e11809,2017/09/28,a movie,11
e11820,2017/10/01,a documentary,27
e11825,2017/10/02,a documentary,44
e11834,2017/10/05,news,22
e11838,2017/10/06,a movie,46
e11854,2017/10/11,a movie,44
e11863,2017/10/13,a documentary,22
e11875,2017/10/16,a tv series,18
e11883,2017/10/18,a documentary,43
e11886,2017/10/19,news,12
e11889,2017/10/20,a documentary,44
e11893,2017/10/21,a tv series,44
e11899,2017/10/23,a documentary,40
e11906,2017/10/25,a documentary,10
e11909,2017/10/26,news,40
e11916,2017/10/27,a movie,13
e11924,2017/10/30,a documentary,26
e11930,2017/11/01,a documentary,48
e11951,2017/11/07,a tv series,6
e11958,2017/11/08,a movie,15
e11961,2017/11/09,a movie,7
e11967,2017/11/11,news,8
e11970,2017/11/12,a tv series,48
e11973,2017/11/13,a movie,5
e11977,2017/11/14,a movie,20
e11981,2017/11/15,a documentary,35
e12002,2017/11/22,a documentary,37
e12011,2017/11/24,news,10
e12017,2017/11/27,a tv series,13
e12026,2017/11/29,a movie,7
e12030,2017/11/30,news,6
e12046,2017/12/04,news,8
e12051,2017/12/06,news,54
e12055,2017/12/07,news,51
e12058,2017/12/08,a tv series,24
e12063,2017/12/09,a documentary,27
e12074,2017/12/11,a tv series,31
e12077,2017/12/12,news,41
e12082,2017/12/13,a tv series,52
e12099,2017/12/16,a movie,49
e12103,2017/12/17,news,46
e12110,2017/12/19,a tv series,47
e12115,2017/12/20,a movie,27
e12127,2017/12/24,a tv series,9
e12130,2017/12/25,a tv series,25
e12134,2017/12/26,a documentary,48
e12138,2017/12/27,a movie,9
e12153,2017/12/31,a movie,5
e12298,2018/01/05,news,34
e12301,2018/01/06,news,31
e12304,2018/01/07,a movie,22
e12309,2018/01/09,a tv series,22
e12319,2018/01/11,a movie,54
e12322,2018/01/12,news,19
e12331,2018/01/14,a documentary,34
e12334,2018/01/15,a movie,52
e12346,2018/01/18,a tv series,48
e12353,2018/01/20,news,36
e12383,2018/01/27,a tv series,23
e12386,2018/01/28,a movie,42
e12399,2018/02/01,a documentary,6
e12411,2018/02/05,a movie,47
e12417,2018/02/06,a documentary,40
e12419,2018/02/07,a tv series,9
e12425,2018/02/09,a documentary,20
e12428,2018/02/10,a movie,41
e12436,2018/02/13,a documentary,26
e12441,2018/02/15,a documentary,23
e12447,2018/02/16,a movie,55
e12456,2018/02/18,a tv series,40
e12459,2018/02/19,news,18
e12473,2018/02/22,news,19
e12475,2018/02/23,a tv series,23
e12482,2018/02/24,news,30
e12498,2018/02/27,a movie,50
e12499,2018/02/28,news,46
e12502,2018/03/01,a tv series,53
e12505,2018/03/02,a movie,29
e12507,2018/03/03,a documentary,46
e12512,2018/03/04,a tv series,24
e12516,2018/03/05,news,39
e12530,2018/03/10,news,23
e12548,2018/03/15,a tv series,49
e12551,2018/03/16,a documentary,16
e12571,2018/03/21,a tv series,48
e12574,2018/03/22,a tv series,19
e12578,2018/03/23,news,26
e12586,2018/03/25,news,50
e12589,2018/03/26,a tv series,25
e12593,2018/03/27,a documentary,48
e12601,2018/03/29,a movie,38
e12614,2018/04/02,a documentary,33
e12620,2018/04/03,a tv series,29
e12631,2018/04/08,a documentary,28
e12646,2018/04/12,a documentary,14
e12655,2018/04/14,a tv series,50
e12663,2018/04/16,a documentary,51
e12668,2018/04/17,a documentary,18
e12670,2018/04/18,news,22
e12673,2018/04/19,a movie,28
e12681,2018/04/21,a tv series,28
e12689,2018/04/23,news,29
e12693,2018/04/24,a documentary,44
e12696,2018/04/25,a documentary,15
e12703,2018/04/27,news,18
e12708,2018/04/28,a tv series,42
e12717,2018/04/30,news,46
e12721,2018/05/01,a tv series,41
e12725,2018/05/02,news,28
e12729,2018/05/03,a tv series,29
e12738,2018/05/05,news,27
e12743,2018/05/06,a movie,35
e12749,2018/05/07,a tv series,44
e12757,2018/05/09,a movie,5
e12761,2018/05/10,a documentary,12
e12764,2018/05/11,a documentary,43
e12769,2018/05/12,news,33
e12774,2018/05/13,a documentary,24
e12778,2018/05/14,a movie,24
e12785,2018/05/16,news,18
e12788,2018/05/17,news,10
e12789,2018/05/18,news,8
e12793,2018/05/19,a documentary,52
e12797,2018/05/21,a documentary,23
e12801,2018/05/22,news,7
e12810,2018/05/25,a documentary,7
e12820,2018/05/27,a documentary,51
e12829,2018/05/30,a movie,19
e12839,2018/06/02,a tv series,30
e12844,2018/06/03,a movie,31
e12848,2018/06/04,news,50
e12859,2018/06/07,a tv series,41
e12869,2018/06/09,a movie,20
e12873,2018/06/10,a documentary,39
e12879,2018/06/12,a movie,37
e12891,2018/06/15,a tv series,49
e12899,2018/06/17,a documentary,36
e12904,2018/06/18,a documentary,25
e12907,2018/06/19,a tv series,26
e12911,2018/06/20,a documentary,38
e12921,2018/06/22,a movie,53
e12926,2018/06/23,a movie,18
e12934,2018/06/25,a tv series,28
e12937,2018/06/26,a tv series,39
e12942,2018/06/28,news,42
e12946,2018/06/29,a movie,30
e12948,2018/06/30,news,19
e12958,2018/07/02,a movie,5
e12963,2018/07/03,a tv series,34
e12968,2018/07/05,a documentary,10
e12980,2018/07/09,a tv series,21
e12988,2018/07/11,news,49
e12992,2018/07/12,news,26
e12995,2018/07/13,news,31
e13000,2018/07/14,a movie,48
e13019,2018/07/19,news,23
e13032,2018/07/22,news,19
e13037,2018/07/23,a tv series,50
e13050,2018/07/27,news,7
e13054,2018/07/28,news,24
e13061,2018/07/29,a movie,24
e13065,2018/07/30,a movie,10
e13071,2018/07/31,news,11
e13087,2018/08/03,a movie,43
e13091,2018/08/04,a movie,41
e13097,2018/08/05,a movie,39
e13102,2018/08/06,a tv series,17
e13108,2018/08/09,a documentary,28
e13112,2018/08/10,a movie,53
e13117,2018/08/11,a tv series,17
e13128,2018/08/14,news,55
e13140,2018/08/18,news,12
e13153,2018/08/22,a movie,50
e13160,2018/08/24,news,36
e13164,2018/08/25,a documentary,30
e13174,2018/08/28,a documentary,41
e13180,2018/08/30,a movie,29
e13184,2018/08/31,a movie,20
e13196,2018/09/03,a movie,44
e13210,2018/09/07,a tv series,40
e13217,2018/09/09,a tv series,49
e13221,2018/09/10,a documentary,51
e13232,2018/09/14,a tv series,22
e13244,2018/09/17,a movie,43
e13257,2018/09/19,news,21
e13260,2018/09/20,a documentary,22
e13264,2018/09/21,a movie,45
e13269,2018/09/22,a movie,40
e13278,2018/09/24,a documentary,9
e13285,2018/09/26,a documentary,11
e13297,2018/09/29,a tv series,52
e13301,2018/09/30,a tv series,27
e13309,2018/10/01,a movie,55
e13313,2018/10/03,news,7
e13322,2018/10/06,news,16
e13330,2018/10/08,news,37
e13340,2018/10/11,a tv series,32
e13348,2018/10/12,a documentary,47
e13350,2018/10/14,news,7
e13354,2018/10/15,a movie,49
e13362,2018/10/17,a documentary,33
e13378,2018/10/21,a tv series,39
e13390,2018/10/24,a movie,32
e13401,2018/10/29,a documentary,17
e13406,2018/11/01,news,12
e13413,2018/11/03,a documentary,8
e13417,2018/11/04,a tv series,13
e13433,2018/11/09,a tv series,50
e13436,2018/11/10,a movie,38
e13445,2018/11/13,a tv series,39
e13449,2018/11/14,a movie,40
e13454,2018/11/15,a movie,13
e13460,2018/11/16,a movie,32
e13469,2018/11/18,a movie,29
e13479,2018/11/21,a documentary,49
e13487,2018/11/23,news,19
e13492,2018/11/24,a movie,31
e13502,2018/11/27,a tv series,9
e13505,2018/11/28,news,47
e13515,2018/11/30,news,54
e13519,2018/12/01,a movie,48
e13522,2018/12/02,a tv series,34
e13525,2018/12/03,a documentary,18
e13531,2018/12/04,news,50
e13538,2018/12/06,news,44
e13545,2018/12/07,a documentary,53
e13550,2018/12/08,a tv series,15
e13561,2018/12/12,a tv series,23
e13565,2018/12/13,news,19
e13568,2018/12/14,a documentary,22
e13571,2018/12/16,news,37
e13589,2018/12/21,a movie,14
e13595,2018/12/22,a documentary,9
e13599,2018/12/23,a tv series,9
e13608,2018/12/25,a movie,34
e13613,2018/12/27,news,5
e13621,2018/12/29,a tv series,37
e13624,2018/12/30,a tv series,36
e13628,2018/12/31,news,50
e13768,2019/01/02,news,25
e13775,2019/01/04,a tv series,55
e13797,2019/01/10,a tv series,10
e13801,2019/01/11,a tv series,22
e13810,2019/01/13,a tv series,37
e13812,2019/01/14,a movie,45
e13815,2019/01/15,news,35
e13833,2019/01/19,a documentary,54
e13848,2019/01/25,a documentary,43
e13852,2019/01/26,a movie,34
e13857,2019/01/27,a documentary,25
e13862,2019/01/28,a movie,17
e13867,2019/01/29,a tv series,16
e13872,2019/01/30,news,41
e13883,2019/02/02,a movie,31
e13897,2019/02/06,a tv series,17
e13902,2019/02/07,a documentary,45
e13911,2019/02/10,a tv series,6
e13916,2019/02/12,a documentary,30
e13929,2019/02/16,a movie,5
e13933,2019/02/17,a tv series,16
e13938,2019/02/18,news,22
e13943,2019/02/19,a tv series,34
e13962,2019/02/25,a documentary,17
e13968,2019/02/26,a documentary,24
e13978,2019/03/01,news,33
e13981,2019/03/02,a movie,18
e13984,2019/03/04,a movie,9
e13999,2019/03/08,a tv series,18
e14001,2019/03/09,a movie,35
e14013,2019/03/13,news,13
e14020,2019/03/14,a tv series,14
e14024,2019/03/15,a documentary,33
e14036,2019/03/19,a documentary,26
e14038,2019/03/20,a movie,35
e14045,2019/03/22,a movie,51
e14053,2019/03/25,a documentary,50
e14062,2019/03/27,a documentary,18
e14066,2019/03/28,a movie,23
e14075,2019/03/30,a documentary,43
e14093,2019/04/04,a tv series,38
e14096,2019/04/05,a documentary,37
e14107,2019/04/08,a documentary,18
e14111,2019/04/09,a tv series,40
e14119,2019/04/11,news,48
e14123,2019/04/13,a documentary,20
e14149,2019/04/21,a tv series,17
e14153,2019/04/22,a tv series,22
e14163,2019/04/25,a documentary,39
e14176,2019/04/27,news,49
e14188,2019/04/30,news,42
e14192,2019/05/01,a movie,18
e14197,2019/05/02,news,10
e14201,2019/05/03,a documentary,31
e14205,2019/05/04,news,45
e14218,2019/05/08,a documentary,5
e14220,2019/05/09,news,36
e14225,2019/05/10,a documentary,37
e14229,2019/05/11,news,48
e14232,2019/05/12,a documentary,24
e14242,2019/05/14,a documentary,50
e14251,2019/05/16,a tv series,14
e14255,2019/05/17,a movie,55
e14260,2019/05/18,a tv series,23
e14269,2019/05/20,news,45
e14277,2019/05/22,a movie,42
e14290,2019/05/25,a movie,29
e14297,2019/05/26,a movie,45
e14304,2019/05/28,a documentary,37
e14323,2019/06/03,a movie,21
e14335,2019/06/06,a tv series,28
e14340,2019/06/07,a documentary,20
e14344,2019/06/08,a documentary,29
e14349,2019/06/09,news,40
e14354,2019/06/10,news,24
e14366,2019/06/14,a tv series,43
e14371,2019/06/15,a documentary,29
e14375,2019/06/16,news,54
e14379,2019/06/17,news,50
e14400,2019/06/22,a tv series,39
e14405,2019/06/23,news,20
e14409,2019/06/24,a documentary,48
e14414,2019/06/25,a movie,44
e14419,2019/06/27,news,37
e14430,2019/06/30,news,26
e14444,2019/07/03,a movie,14
e14456,2019/07/06,a tv series,7
e14477,2019/07/12,news,13
e14481,2019/07/13,news,12
e14485,2019/07/14,a documentary,36
e14507,2019/07/20,a movie,41
e14518,2019/07/24,a tv series,45
e14521,2019/07/25,news,53
e14527,2019/07/26,news,23
e14531,2019/07/27,a documentary,13
e14537,2019/07/28,news,26
e14545,2019/07/30,a tv series,13
e14554,2019/08/01,a movie,43
e14558,2019/08/02,a movie,54
e14565,2019/08/05,news,39
e14572,2019/08/08,news,13
e14586,2019/08/11,a tv series,34
e14591,2019/08/12,a tv series,34
e14597,2019/08/14,a documentary,32
e14606,2019/08/16,a documentary,53
e14611,2019/08/17,news,39
e14616,2019/08/18,news,50
e14623,2019/08/19,news,32
e14651,2019/08/28,news,24
e14657,2019/08/30,a tv series,37
e14662,2019/08/31,a movie,28
e14667,2019/09/01,a movie,32
e14683,2019/09/05,a documentary,47
e14687,2019/09/06,a movie,13
e14701,2019/09/10,a documentary,6
e14705,2019/09/12,a documentary,10
e14710,2019/09/13,a movie,17
e14718,2019/09/15,news,22
e14721,2019/09/16,a tv series,14
e14729,2019/09/18,a tv series,15
e14747,2019/09/24,a movie,25
e14752,2019/09/25,a documentary,10
e14756,2019/09/26,news,44
e14769,2019/09/30,a tv series,34
e14773,2019/10/01,a movie,38
e14783,2019/10/04,a documentary,33
e14786,2019/10/05,a movie,12
e14794,2019/10/07,a documentary,47
e14800,2019/10/08,news,38
e14808,2019/10/10,news,40
e14816,2019/10/12,a movie,42
e14822,2019/10/13,a documentary,13
e14844,2019/10/19,a documentary,16
e14859,2019/10/23,a movie,33
e14870,2019/10/26,a documentary,9
e14877,2019/10/27,news,45
e14879,2019/10/28,a movie,43
e14889,2019/10/30,news,31
e14894,2019/11/01,a documentary,41
e14898,2019/11/02,a tv series,22
e14904,2019/11/04,news,12
e14918,2019/11/08,a movie,26
e14920,2019/11/09,a tv series,32
e14932,2019/11/12,a documentary,7
e14935,2019/11/13,a movie,44
e14943,2019/11/15,a documentary,27
e14955,2019/11/20,a documentary,23
e14958,2019/11/21,a documentary,21
e14968,2019/11/23,a documentary,20
e14993,2019/11/30,a movie,38
e15002,2019/12/02,a movie,21
e15005,2019/12/03,a movie,25
e15009,2019/12/04,news,44
e15017,2019/12/06,a documentary,30
e15030,2019/12/09,a documentary,44
e15033,2019/12/10,a documentary,18
e15040,2019/12/12,a tv series,6
e15046,2019/12/14,news,26
e15077,2019/12/22,a tv series,12
e15086,2019/12/24,a tv series,24
e15105,2019/12/29,a movie,14
e15111,2019/12/30,a tv series,29
e15248,2020/01/01,a documentary,11
e15252,2020/01/02,a tv series,23
e15259,2020/01/04,a tv series,40
e15274,2020/01/08,news,10
e15283,2020/01/11,a tv series,55
e15289,2020/01/12,a tv series,11
e15300,2020/01/16,a documentary,25
e15304,2020/01/17,a tv series,54
e15323,2020/01/22,news,12
e15334,2020/01/25,a movie,44
e15339,2020/01/26,a tv series,52
e15343,2020/01/27,a documentary,13
e15346,2020/01/28,news,38
e15353,2020/01/30,a documentary,20
e15358,2020/01/31,news,9
e15363,2020/02/02,news,11
e15371,2020/02/04,a documentary,9
e15377,2020/02/05,a documentary,47
e15384,2020/02/08,a tv series,48
e15396,2020/02/11,news,12
e15400,2020/02/12,a documentary,40
e15409,2020/02/14,news,34
e15411,2020/02/15,a movie,39
e15422,2020/02/19,news,48
e15442,2020/02/24,a tv series,29
e15447,2020/02/25,news,30
e15452,2020/02/26,a documentary,34
e15458,2020/02/28,a movie,19
e15463,2020/02/29,a movie,12
e15465,2020/03/01,a tv series,28
e15472,2020/03/02,a documentary,23
e15484,2020/03/05,news,22
e15488,2020/03/06,a tv series,7
e15492,2020/03/07,a tv series,24
e15496,2020/03/08,a movie,10
e15502,2020/03/10,a movie,17
e15510,2020/03/12,news,29
e15523,2020/03/16,a movie,11
e15529,2020/03/17,news,28
e15534,2020/03/18,a documentary,37
e15540,2020/03/19,news,25
e15545,2020/03/20,a movie,40
e15551,2020/03/21,a documentary,50
e15571,2020/03/26,a documentary,30
e15576,2020/03/27,news,12
e15578,2020/03/28,a movie,37
e15583,2020/03/29,a documentary,52
e15587,2020/03/30,a movie,10
e15593,2020/04/01,a tv series,11
e15596,2020/04/02,a movie,35
e15601,2020/04/03,a tv series,34
e15611,2020/04/05,news,42
e15627,2020/04/11,a movie,48
e15645,2020/04/16,a tv series,48
e15653,2020/04/18,a tv series,10
e15666,2020/04/23,a documentary,24
e15681,2020/04/26,a documentary,9
e15698,2020/05/01,a tv series,53
e15704,2020/05/03,a documentary,47
e15718,2020/05/07,news,26
e15736,2020/05/11,a documentary,39
e15738,2020/05/12,a documentary,33
e15744,2020/05/14,a movie,29
e15761,2020/05/18,a movie,41
e15772,2020/05/22,a tv series,54
e15778,2020/05/23,a tv series,47
e15780,2020/05/24,news,31
e15782,2020/05/25,a movie,21
e15790,2020/05/28,news,15
e15803,2020/05/31,a documentary,6
e15815,2020/06/04,a documentary,13
e15823,2020/06/06,a documentary,42
e15829,2020/06/08,a tv series,5
e15837,2020/06/10,a movie,39
e15850,2020/06/14,news,34
e15858,2020/06/16,a movie,6
e15863,2020/06/18,a tv series,39
e15870,2020/06/19,a tv series,35
e15878,2020/06/21,a tv series,48
e15883,2020/06/23,news,18
e15897,2020/06/26,a tv series,38
e15902,2020/06/28,a documentary,34
e15909,2020/06/30,a movie,33
e15913,2020/07/01,a documentary,34
e15918,2020/07/02,a documentary,35
e15923,2020/07/04,a tv series,52
e15940,2020/07/08,a tv series,28
e15946,2020/07/10,a movie,46
e15958,2020/07/13,a documentary,10
e15963,2020/07/14,a documentary,35
e15976,2020/07/17,a documentary,45
e15981,2020/07/18,a documentary,38
e15985,2020/07/19,news,30
e15996,2020/07/23,a movie,23
e16001,2020/07/24,a movie,20
e16004,2020/07/25,a movie,43
e16015,2020/07/27,a tv series,27
e16021,2020/07/28,a documentary,46
e16046,2020/08/04,a tv series,10
e16054,2020/08/06,a documentary,20
e16063,2020/08/08,a tv series,45
e16066,2020/08/09,a movie,21
e16069,2020/08/10,a movie,34
e16077,2020/08/12,a movie,28
e16090,2020/08/15,news,39
e16094,2020/08/16,a documentary,32
e16098,2020/08/17,a movie,22
e16103,2020/08/19,a movie,32
e16106,2020/08/20,a documentary,7
e16113,2020/08/22,a documentary,16
e16118,2020/08/23,a tv series,48
e16120,2020/08/24,a movie,16
e16124,2020/08/25,a documentary,54
e16127,2020/08/26,a movie,51
e16135,2020/08/29,news,17
e16145,2020/08/31,a documentary,22
e16150,2020/09/01,a documentary,40
e16154,2020/09/02,a tv series,35
e16160,2020/09/03,news,52
e16171,2020/09/06,a documentary,15
e16174,2020/09/07,a documentary,16
e16178,2020/09/08,a documentary,53
e16189,2020/09/10,a tv series,16
e16200,2020/09/13,a tv series,44
e16225,2020/09/21,a documentary,46
e16230,2020/09/22,a movie,55
e16235,2020/09/23,a tv series,36
e16242,2020/09/25,a movie,36
e16255,2020/09/29,a tv series,55
e16258,2020/09/30,a tv series,7
e16266,2020/10/02,news,33
e16272,2020/10/04,news,8
e16288,2020/10/09,a documentary,6
e16294,2020/10/11,a tv series,8
e16298,2020/10/12,a documentary,24
e16313,2020/10/17,a documentary,18
e16320,2020/10/19,news,18
e16323,2020/10/20,a tv series,40
e16340,2020/10/24,a documentary,20
e16353,2020/10/28,a documentary,14
e16355,2020/10/29,a movie,36
e16362,2020/10/30,news,6
e16375,2020/11/02,a movie,49
e16379,2020/11/03,a movie,37
e16381,2020/11/04,a movie,33
e16387,2020/11/05,a movie,10
e16389,2020/11/06,news,25
e16395,2020/11/08,a tv series,47
e16406,2020/11/10,news,42
e16417,2020/11/13,a movie,21
e16421,2020/11/14,a movie,19
e16437,2020/11/20,a tv series,33
e16445,2020/11/22,news,15
e16455,2020/11/24,a movie,39
e16464,2020/11/26,a tv series,49
e16469,2020/11/27,news,31
e16480,2020/11/30,a tv series,5
e16500,2020/12/05,a tv series,7
e16516,2020/12/09,a movie,6
e16519,2020/12/10,a documentary,50
e16521,2020/12/11,news,51
e16531,2020/12/14,a movie,23
e16534,2020/12/15,news,12
e16539,2020/12/16,a movie,11
e16542,2020/12/17,a movie,37
e16547,2020/12/18,news,50
e16553,2020/12/19,a tv series,10
e16563,2020/12/22,a documentary,34
e16581,2020/12/26,a documentary,13
e16583,2020/12/27,a movie,41
e16731,2021/01/01,news,12
e16737,2021/01/02,news,37
e16751,2021/01/05,a documentary,31
e16769,2021/01/10,a tv series,44
e16793,2021/01/16,a documentary,50
e16802,2021/01/19,a movie,39
e16806,2021/01/21,news,35
e16811,2021/01/23,news,10
e16815,2021/01/25,a movie,5
e16822,2021/01/27,a tv series,6
e16826,2021/01/28,a documentary,38
e16829,2021/01/29,a documentary,8
e16833,2021/01/30,a tv series,16
e16847,2021/02/02,a documentary,16
e16858,2021/02/07,news,53
e16871,2021/02/10,a movie,26
e16875,2021/02/11,a tv series,20
e16891,2021/02/17,a movie,46
e16896,2021/02/18,a documentary,50
e16943,2021/03/05,a documentary,51
e16949,2021/03/06,a documentary,27
e16955,2021/03/08,a documentary,43
e16965,2021/03/11,news,36
e16997,2021/03/20,a documentary,37
e17006,2021/03/23,a tv series,14
e17010,2021/03/24,news,23
e17028,2021/03/29,a documentary,12
e17042,2021/04/02,news,6
e17049,2021/04/03,a movie,25
e17050,2021/04/04,news,33
e17060,2021/04/07,a movie,39
e17083,2021/04/13,a movie,15
e17089,2021/04/15,a documentary,45
e17092,2021/04/16,a movie,53
e17100,2021/04/18,a documentary,16
e17105,2021/04/19,a tv series,37
e17107,2021/04/20,news,30
e17131,2021/04/26,a tv series,37
e17137,2021/04/27,news,24
e17142,2021/04/29,news,6
e17148,2021/05/01,a documentary,12
e17152,2021/05/02,news,50
e17169,2021/05/07,news,52
e17175,2021/05/08,a movie,12
e17177,2021/05/09,a movie,34
e17182,2021/05/10,a tv series,49
e17198,2021/05/14,news,37
e17201,2021/05/15,a movie,53
e17203,2021/05/16,a documentary,54
e17216,2021/05/19,news,48
e17224,2021/05/21,a tv series,17
e17228,2021/05/22,a documentary,22
e17241,2021/05/25,news,10
e17243,2021/05/26,a tv series,43
e17250,2021/05/29,a tv series,21
e17255,2021/05/30,a documentary,42
e17259,2021/05/31,a documentary,20
e17274,2021/06/04,a movie,10
e17280,2021/06/05,a documentary,45
e17285,2021/06/06,a tv series,34
e17291,2021/06/07,a tv series,44
e17295,2021/06/08,news,24
e17307,2021/06/11,a documentary,22
e17312,2021/06/12,news,20
e17316,2021/06/13,a movie,45
e17322,2021/06/14,a tv series,35
e17331,2021/06/17,a documentary,17
e17334,2021/06/18,a movie,31
e17335,2021/06/19,a documentary,25
e17338,2021/06/20,a documentary,9
e17345,2021/06/22,a documentary,33
e17350,2021/06/23,news,14
e17359,2021/06/26,a movie,22
e17364,2021/06/27,a tv series,22
e17370,2021/06/28,a movie,6
e17383,2021/07/01,a movie,54
e17395,2021/07/04,a movie,11
e17399,2021/07/05,news,25
e17404,2021/07/06,a tv series,36
e17419,2021/07/09,news,22
e17429,2021/07/12,a movie,7
e17437,2021/07/14,a movie,45
e17447,2021/07/16,news,46
e17453,2021/07/17,news,50
e17461,2021/07/19,news,51
e17474,2021/07/23,news,18
e17479,2021/07/25,a tv series,20
e17483,2021/07/26,a movie,40
e17490,2021/07/28,a movie,22
e17497,2021/07/30,a documentary,50
e17501,2021/07/31,news,22
e17509,2021/08/02,a movie,25
e17515,2021/08/03,news,48
e17526,2021/08/05,a tv series,50
e17537,2021/08/08,news,25
e17548,2021/08/10,a documentary,53
e17551,2021/08/11,a movie,28
e17556,2021/08/12,a documentary,48
e17569,2021/08/16,news,19
e17574,2021/08/17,a tv series,28
e17579,2021/08/18,a documentary,44
e17587,2021/08/20,a tv series,51
e17593,2021/08/23,a tv series,43
e17615,2021/08/28,a documentary,50
e17622,2021/08/30,a documentary,48
e17633,2021/09/02,a tv series,20
e17638,2021/09/03,news,5
e17646,2021/09/04,a movie,27
e17655,2021/09/06,a tv series,54
e17660,2021/09/07,a documentary,29
e17690,2021/09/15,a tv series,5
e17697,2021/09/17,a movie,48
e17701,2021/09/18,news,35
e17707,2021/09/19,a movie,29
e17712,2021/09/20,news,12
e17719,2021/09/22,a documentary,53
e17737,2021/09/26,a tv series,43
e17741,2021/09/27,a documentary,54
e17762,2021/10/03,news,40
e17775,2021/10/06,a movie,21
e17779,2021/10/07,a movie,23
e17781,2021/10/08,a movie,9
e17785,2021/10/09,a documentary,29
e17790,2021/10/10,a tv series,10
e17794,2021/10/11,a movie,20
e17802,2021/10/13,a tv series,36
e17813,2021/10/15,a tv series,12
e17816,2021/10/16,news,32
e17819,2021/10/17,a documentary,30
e17826,2021/10/19,a movie,26
e17834,2021/10/20,news,18
e17843,2021/10/22,news,8
e17850,2021/10/24,a tv series,15
e17854,2021/10/25,news,29
e17859,2021/10/26,a documentary,47
e17870,2021/10/28,a documentary,12
e17879,2021/10/30,a documentary,32
e17883,2021/10/31,a movie,44
e17888,2021/11/01,a movie,28
e17893,2021/11/02,a documentary,54
e17908,2021/11/06,news,54
e17912,2021/11/07,news,19
e17918,2021/11/08,a movie,48
e17929,2021/11/11,a documentary,33
e17939,2021/11/13,a documentary,15
e17944,2021/11/14,news,46
e17947,2021/11/15,news,41
e17952,2021/11/17,a documentary,43
e17957,2021/11/18,news,30
e17972,2021/11/21,a documentary,53
e17980,2021/11/23,a movie,37
e17992,2021/11/27,a documentary,10
e17998,2021/11/29,a tv series,35
e18000,2021/11/30,a movie,25
e18003,2021/12/01,news,50
e18005,2021/12/02,a movie,36
e18014,2021/12/05,a movie,22
e18017,2021/12/06,news,11
e18026,2021/12/08,a tv series,30
e18048,2021/12/16,news,38
e18063,2021/12/20,a tv series,5
e18080,2021/12/25,a tv series,6
e18085,2021/12/26,a documentary,51
e18091,2021/12/27,a documentary,40
e18096,2021/12/28,a movie,48
e18104,2021/12/30,a movie,36
e18257,2022/01/01,a movie,5
e18261,2022/01/02,a documentary,40
e18267,2022/01/04,news,30
e18275,2022/01/07,news,31
e18282,2022/01/09,a documentary,32
e18290,2022/01/11,a movie,54
e18303,2022/01/14,a tv series,24
e18307,2022/01/15,a tv series,55
e18320,2022/01/20,news,50
e18335,2022/01/25,a documentary,17
e18342,2022/01/27,news,38
e18354,2022/01/31,a movie,22
e18358,2022/02/01,a documentary,16
e18364,2022/02/02,a tv series,32
e18369,2022/02/03,news,34
e18372,2022/02/04,a movie,25
e18382,2022/02/06,a movie,42
e18384,2022/02/07,a movie,33
e18392,2022/02/10,a movie,19
e18405,2022/02/15,a documentary,43
e18414,2022/02/18,news,37
e18418,2022/02/19,a documentary,36
e18425,2022/02/21,news,7
e18430,2022/02/22,a tv series,11
e18435,2022/02/23,a movie,44
e18440,2022/02/24,a tv series,45
e18449,2022/02/26,news,45
e18468,2022/03/04,a tv series,48
e18474,2022/03/05,news,29
e18478,2022/03/06,news,19
e18483,2022/03/07,a documentary,37
e18488,2022/03/09,a documentary,47
e18493,2022/03/10,a tv series,44
e18503,2022/03/13,news,37
e18518,2022/03/18,a documentary,38
e18526,2022/03/21,a tv series,28
e18531,2022/03/22,news,35
e18536,2022/03/24,a movie,46
e18542,2022/03/26,a documentary,32
e18545,2022/03/27,a movie,36
e18556,2022/03/29,a documentary,32
e18559,2022/03/30,news,24
e18565,2022/04/01,a documentary,31
e18576,2022/04/03,news,47
e18585,2022/04/05,a documentary,37
e18587,2022/04/06,news,9
e18596,2022/04/09,news,20
e18600,2022/04/10,news,38
e18604,2022/04/11,a documentary,44
e18618,2022/04/15,a movie,23
e18625,2022/04/17,a movie,50
e18637,2022/04/20,a movie,54
e18639,2022/04/21,a documentary,21
e18641,2022/04/22,news,29
e18647,2022/04/23,a movie,9
e18659,2022/04/27,news,32
e18665,2022/04/28,news,31
e18670,2022/04/30,a documentary,13
e18681,2022/05/04,a movie,18
e18683,2022/05/05,news,37
e18689,2022/05/06,a documentary,42
e18692,2022/05/07,a movie,28
e18696,2022/05/08,a movie,17
e18703,2022/05/10,news,35
e18711,2022/05/12,news,21
e18715,2022/05/13,a tv series,32
e18729,2022/05/17,a documentary,51
e18734,2022/05/18,a tv series,33
e18769,2022/05/26,a tv series,43
e18781,2022/05/29,news,7
e18785,2022/05/30,a movie,53
e18795,2022/06/02,a movie,53
e18800,2022/06/03,a tv series,46
e18806,2022/06/05,a tv series,34
e18808,2022/06/06,a tv series,40
e18812,2022/06/07,a movie,16
e18826,2022/06/11,a documentary,38
e18828,2022/06/12,news,37
e18834,2022/06/13,a tv series,55
e18846,2022/06/16,a tv series,25
e18852,2022/06/17,a movie,32
e18856,2022/06/19,a documentary,53
e18863,2022/06/21,a documentary,50
e18875,2022/06/25,news,22
e18883,2022/06/27,a tv series,7
e18886,2022/06/28,a documentary,26
e18895,2022/06/30,a movie,10
e18907,2022/07/03,a movie,11
e18916,2022/07/06,news,8
e18923,2022/07/07,a movie,12
e18927,2022/07/09,news,49
e18933,2022/07/11,a movie,5
e18939,2022/07/12,a documentary,35
e18950,2022/07/15,news,9
e18960,2022/07/18,a tv series,22
e18964,2022/07/20,news,47
e18972,2022/07/22,a movie,41
e18981,2022/07/25,a tv series,26
e18988,2022/07/26,news,27
e18991,2022/07/27,a movie,26
e18996,2022/07/28,a movie,14
e19000,2022/07/29,a tv series,19
e19014,2022/08/02,a documentary,15
e19024,2022/08/04,a movie,26
e19034,2022/08/06,a tv series,21
e19038,2022/08/07,a tv series,21
e19046,2022/08/10,a documentary,37
e19052,2022/08/11,a movie,28
e19074,2022/08/17,a documentary,39
e19078,2022/08/18,news,26
e19082,2022/08/19,news,46
e19086,2022/08/21,a tv series,7
e19094,2022/08/23,a tv series,48
e19105,2022/08/26,a movie,38
e19110,2022/08/27,a tv series,35
e19117,2022/08/28,a documentary,7
e19137,2022/09/01,a documentary,44
e19143,2022/09/02,news,51
e19164,2022/09/07,a documentary,30
e19169,2022/09/08,a documentary,44
e19174,2022/09/09,news,21
e19178,2022/09/10,news,20
e19183,2022/09/11,news,20
e19196,2022/09/14,news,42
e19220,2022/09/22,a documentary,11
e19224,2022/09/23,news,39
e19231,2022/09/25,a tv series,55
e19235,2022/09/26,a tv series,11
e19240,2022/09/27,a tv series,28
e19244,2022/09/28,a documentary,23
e19249,2022/09/29,news,28
e19260,2022/10/02,a movie,15
e19279,2022/10/07,a documentary,22
e19284,2022/10/08,a tv series,50
e19289,2022/10/09,a tv series,22
e19307,2022/10/13,a tv series,49
e19315,2022/10/15,a movie,17
e19329,2022/10/19,a tv series,18
e19341,2022/10/22,news,6
e19345,2022/10/23,a tv series,39
e19360,2022/10/27,a documentary,33
e19371,2022/10/30,a movie,17
e19373,2022/10/31,a tv series,14
e19381,2022/11/02,a tv series,54
e19387,2022/11/03,a tv series,13
e19394,2022/11/04,a documentary,6
e19398,2022/11/05,a movie,42
e19402,2022/11/06,news,45
e19409,2022/11/08,a documentary,42
e19421,2022/11/11,news,8
e19438,2022/11/16,a tv series,19
e19442,2022/11/17,news,21
e19450,2022/11/20,news,49
e19456,2022/11/21,a movie,48
e19459,2022/11/22,a tv series,48
e19464,2022/11/24,news,50
e19469,2022/11/25,a tv series,42
e19476,2022/11/27,a movie,33
e19480,2022/11/28,a movie,43
e19495,2022/12/02,a documentary,23
e19500,2022/12/03,a documentary,24
e19504,2022/12/05,a tv series,28
e19514,2022/12/09,a movie,35
e19535,2022/12/14,a documentary,54
e19539,2022/12/15,news,23
e19553,2022/12/18,a documentary,10
e19563,2022/12/22,a documentary,51
e19574,2022/12/24,news,8
e19582,2022/12/26,a movie,38
e19594,2022/12/29,a tv series,18
e19599,2022/12/30,a movie,11
e19603,2022/12/31,a documentary,43
